종목코드,종목명,시장구분,업종명,종가,대비,등락률,시가총액
"095570","AJ네트웍스","KOSPI","서비스업","4805","-45","-0.93","217439506995"
"006840","AK홀딩스","KOSPI","기타금융","14590","-10","-0.07","193281914990"
"027410","BGF","KOSPI","기타금융","3630","35","0.97","347451951330"
"282330","BGF리테일","KOSPI","유통업","116700","-4000","-3.31","2017031830200"
"138930","BNK금융지주","KOSPI","기타금융","7510","-140","-1.83","2418884169380"
"001460","BYC","KOSPI","섬유의복","489500","0","0.00","305749042500"
"001465","BYC우","KOSPI","섬유의복","198900","0","0.00","42840076500"
"001040","CJ","KOSPI","기타금융","115500","-4800","-3.99","3369943269000"
"079160","CJ CGV","KOSPI","서비스업","5670","30","0.53","694189394640"
"00104K","CJ4우(전환)","KOSPI","기타금융","78000","-2100","-2.62","329667936000"
"000120","CJ대한통운","KOSPI","운수창고업","118200","-5100","-4.14","2696419060800"
"011150","CJ씨푸드","KOSPI","음식료품","2750","95","3.58","98809625750"
"011155","CJ씨푸드1우","KOSPI","음식료품","20550","50","0.24","4110000000"
"001045","CJ우","KOSPI","기타금융","57600","-1300","-2.21","130188844800"
"097950","CJ제일제당","KOSPI","음식료품","314000","-1000","-0.32","4727014404000"
"097955","CJ제일제당 우","KOSPI","음식료품","139400","-100","-0.07","185044160200"
"000480","CR홀딩스","KOSPI","비금속광물","5760","-110","-1.87","270089222400"
"000590","CS홀딩스","KOSPI","기타금융","65200","-500","-0.76","75272226400"
"012030","DB","KOSPI","서비스업","1507","-3","-0.20","303169117031"
"016610","DB금융투자","KOSPI","증권","4085","-50","-1.21","173393499065"
"005830","DB손해보험","KOSPI","보험","88100","-7400","-7.75","6237480000000"
"000990","DB하이텍","KOSPI","전기전자","42000","-1800","-4.11","1864740696000"
"139130","DGB금융지주","KOSPI","기타금융","8050","-90","-1.11","1361623955650"
"001530","DI동일","KOSPI","유통업","27000","0","0.00","667943361000"
"000210","DL","KOSPI","화학","50600","-1300","-2.50","1060367730400"
"000215","DL우","KOSPI","화학","24600","-300","-1.20","41478429000"
"375500","DL이앤씨","KOSPI","건설업","33350","-1900","-5.39","1290432327050"
"37550L","DL이앤씨2우(전환)","KOSPI","건설업","23650","-350","-1.46","49947641150"
"37550K","DL이앤씨우","KOSPI","건설업","17650","-220","-1.23","37310070250"
"007340","DN오토모티브","KOSPI","전기전자","80200","0","0.00","801519201000"
"004840","DRB동일","KOSPI","화학","6120","260","4.44","121971600000"
"155660","DSR","KOSPI","철강금속","4180","0","0.00","66880000000"
"069730","DSR제강","KOSPI","철강금속","4125","-10","-0.24","59400000000"
"017860","DS단석","KOSPI","화학","128400","-2100","-1.61","752604273600"
"017940","E1","KOSPI","유통업","65200","-1600","-2.40","447272000000"
"365550","ESR켄달스퀘어리츠","KOSPI","서비스업","4390","45","1.04","935460710000"
"383220","F&F","KOSPI","섬유의복","62800","-3900","-5.85","2405684310000"
"007700","F&F홀딩스","KOSPI","기타금융","14540","-50","-0.34","568722896180"
"114090","GKL","KOSPI","서비스업","13280","-130","-0.97","821443297600"
"078930","GS","KOSPI","기타금융","43700","-4750","-9.80","4060402018600"
"006360","GS건설","KOSPI","건설업","14480","-130","-0.89","1239219975200"
"001250","GS글로벌","KOSPI","유통업","2470","-60","-2.37","203858397080"
"007070","GS리테일","KOSPI","유통업","19030","-660","-3.35","1992782055660"
"078935","GS우","KOSPI","기타금융","36900","-1050","-2.77","65860079400"
"012630","HDC","KOSPI","기타금융","8310","20","0.24","496453701510"
"039570","HDC랩스","KOSPI","건설업","8500","50","0.59","220639608500"
"089470","HDC현대EP","KOSPI","화학","4195","-60","-1.41","133820500000"
"294870","HDC현대산업개발","KOSPI","건설업","16450","-820","-4.75","1084175578500"
"009540","HD한국조선해양","KOSPI","기타금융","117600","1300","1.12","8322918441600"
"267250","HD현대","KOSPI","기타금융","67400","-1000","-1.46","5324133929000"
"267270","HD현대건설기계","KOSPI","기계","56100","100","0.18","1105214487300"
"322000","HD현대에너지솔루션","KOSPI","전기전자","24500","-850","-3.35","274400000000"
"042670","HD현대인프라코어","KOSPI","기계","8300","-10","-0.12","1656708659900"
"267260","HD현대일렉트릭","KOSPI","전기전자","235000","3000","1.29","8471076725000"
"329180","HD현대중공업","KOSPI","운수장비","117900","3400","2.97","10466350376400"
"097230","HJ중공업","KOSPI","건설업","3080","35","1.15","256484785480"
"014790","HL D&I","KOSPI","건설업","1978","1","0.05","74884312778"
"003580","HLB글로벌","KOSPI","광업","7720","200","2.66","343718826080"
"204320","HL만도","KOSPI","운수장비","32900","-550","-1.64","1544889248000"
"060980","HL홀딩스","KOSPI","기타금융","32150","-250","-0.77","326946531500"
"011200","HMM","KOSPI","운수창고업","15380","-220","-1.41","10597427448480"
"035000","HS애드","KOSPI","서비스업","6240","-40","-0.64","103380632160"
"003560","IHQ","KOSPI","서비스업","10760","0","0.00","58906362440"
"175330","JB금융지주","KOSPI","기타금융","12050","-130","-1.07","2350752535900"
"234080","JW생명과학","KOSPI","의약품","12140","-110","-0.90","192231485560"
"001060","JW중외제약","KOSPI","의약품","30550","50","0.16","711385161500"
"001067","JW중외제약2우B","KOSPI","의약품","59000","0","0.00","12388407000"
"001065","JW중외제약우","KOSPI","의약품","29450","0","0.00","10070456950"
"096760","JW홀딩스","KOSPI","기타금융","3000","15","0.50","221774826000"
"105560","KB금융","KOSPI","기타금융","66300","-2000","-2.93","26752784073600"
"432320","KB스타리츠","KOSPI","서비스업","4265","25","0.59","432531925525"
"002380","KCC","KOSPI","화학","233000","-9000","-3.72","2070547743000"
"344820","KCC글라스","KOSPI","비금속광물","39750","-300","-0.75","634827852000"
"009070","KCTC","KOSPI","운수창고업","3740","-10","-0.27","112200000000"
"009440","KC그린홀딩스","KOSPI","기타금융","2300","-30","-1.29","51600454000"
"119650","KC코트렐","KOSPI","기계","1252","-28","-2.19","79713947324"
"092220","KEC","KOSPI","전기전자","1356","-6","-0.44","272234819196"
"003620","KG모빌리티","KOSPI","운수장비","5880","-120","-2.00","1145345796000"
"016380","KG스틸","KOSPI","철강금속","6850","-70","-1.01","685060944450"
"001390","KG케미칼","KOSPI","화학","5380","-90","-1.65","368363435200"
"033180","KH 필룩스","KOSPI","전기전자","6630","0","0.00","120578742570"
"015590","KIB플러그에너지","KOSPI","기계","437","6","1.39","103560934728"
"001940","KISCO홀딩스","KOSPI","철강금속","21900","-150","-0.68","354262722000"
"025000","KPX케미칼","KOSPI","화학","44250","-400","-0.90","214170000000"
"092230","KPX홀딩스","KOSPI","화학","56000","-400","-0.71","236580176000"
"000040","KR모터스","KOSPI","운수장비","1183","-48","-3.90","34464182844"
"044450","KSS해운","KOSPI","운수창고업","7990","-20","-0.25","184456181200"
"030200","KT","KOSPI","통신업","34600","-800","-2.26","8897908481000"
"033780","KT&G","KOSPI","기타제조업","88300","-2200","-2.43","11507476485100"
"058850","KTcs","KOSPI","서비스업","3255","-30","-0.91","138939675000"
"058860","KTis","KOSPI","서비스업","2915","-5","-0.17","101447830000"
"093050","LF","KOSPI","섬유의복","14640","-300","-2.01","428073600000"
"003550","LG","KOSPI","기타금융","77600","-2000","-2.51","12206557056800"
"034220","LG디스플레이","KOSPI","전기전자","10020","-40","-0.40","5010000000000"
"051900","LG생활건강","KOSPI","화학","368000","15000","4.25","5747496496000"
"051905","LG생활건강우","KOSPI","화학","170500","3600","2.16","357998338500"
"373220","LG에너지솔루션","KOSPI","전기전자","371500","-8500","-2.24","86931000000000"
"003555","LG우","KOSPI","기타금융","60700","-400","-0.65","183412334000"
"032640","LG유플러스","KOSPI","통신업","9590","-40","-0.42","4187102951990"
"011070","LG이노텍","KOSPI","전기전자","202000","6400","3.27","4780755614000"
"066570","LG전자","KOSPI","전기전자","93500","-2900","-3.01","15301070609000"
"066575","LG전자우","KOSPI","전기전자","43300","-800","-1.81","744153453600"
"037560","LG헬로비전","KOSPI","서비스업","3335","15","0.45","258285294775"
"051910","LG화학","KOSPI","화학","393000","6000","1.55","27742790799000"
"051915","LG화학우","KOSPI","화학","259000","1000","0.39","1991399200000"
"079550","LIG넥스원","KOSPI","기계","163900","-2300","-1.38","3605800000000"
"006260","LS","KOSPI","기타금융","122100","7200","6.27","3931620000000"
"010120","LS ELECTRIC","KOSPI","전기전자","139700","12200","9.57","4191000000000"
"000680","LS네트웍스","KOSPI","유통업","4485","125","2.87","353431526760"
"229640","LS에코에너지","KOSPI","기타금융","19040","1040","5.78","583097696160"
"108320","LX세미콘","KOSPI","전기전자","76700","700","0.92","1247471810000"
"001120","LX인터내셔널","KOSPI","유통업","26150","50","0.19","1013574000000"
"108670","LX하우시스","KOSPI","화학","39000","800","2.09","349739130000"
"108675","LX하우시스우","KOSPI","화학","20650","350","1.72","21317614500"
"383800","LX홀딩스","KOSPI","기타금융","6830","-20","-0.29","520997112700"
"38380K","LX홀딩스1우","KOSPI","기타금융","9090","140","1.56","13319440650"
"023150","MH에탄올","KOSPI","음식료품","6170","40","0.65","45525505420"
"035420","NAVER","KOSPI","서비스업","185900","2300","1.25","30191757624600"
"181710","NHN","KOSPI","서비스업","22850","150","0.66","771555910550"
"400760","NH올원리츠","KOSPI","서비스업","3490","-25","-0.71","147278000000"
"005940","NH투자증권","KOSPI","증권","11040","-170","-1.52","3661591767840"
"005945","NH투자증권우","KOSPI","증권","10430","-70","-0.67","196824196240"
"338100","NH프라임리츠","KOSPI","서비스업","4285","15","0.35","79958100000"
"034310","NICE","KOSPI","서비스업","12610","-70","-0.55","472918844970"
"030190","NICE평가정보","KOSPI","서비스업","10560","-40","-0.38","634736995200"
"008260","NI스틸","KOSPI","철강금속","4505","55","1.24","128843527085"
"004250","NPC","KOSPI","화학","5080","-20","-0.39","186537600000"
"004255","NPC우","KOSPI","화학","2790","15","0.54","14731200000"
"456040","OCI","KOSPI","화학","83200","500","0.60","748012512000"
"010060","OCI홀딩스","KOSPI","화학","89600","1300","1.47","1756721075200"
"178920","PI첨단소재","KOSPI","화학","19410","-390","-1.97","570000310020"
"005490","POSCO홀딩스","KOSPI","철강금속","395000","-5000","-1.25","33405635850000"
"010950","S-Oil","KOSPI","화학","78600","-4100","-4.96","8849007451200"
"010955","S-Oil우","KOSPI","화학","48900","-1700","-3.36","196672230300"
"034120","SBS","KOSPI","서비스업","24850","-300","-1.19","460998264300"
"005090","SGC에너지","KOSPI","전기가스업","22400","450","2.05","322769059200"
"001380","SG글로벌","KOSPI","운수장비","2040","15","0.74","91726851720"
"004060","SG세계물산","KOSPI","유통업","406","-3","-0.73","82184533760"
"001770","SHD","KOSPI","철강금속","18730","30","0.16","22754664940"
"002360","SH에너지화학","KOSPI","화학","652","9","1.40","72459191960"
"009160","SIMPAC","KOSPI","철강금속","4590","0","0.00","300321478440"
"123700","SJM","KOSPI","운수장비","3455","-15","-0.43","53914922590"
"025530","SJM홀딩스","KOSPI","유통업","3760","5","0.13","56151870080"
"034730","SK","KOSPI","기타금융","161400","-1200","-0.74","11814210300600"
"011790","SKC","KOSPI","화학","127700","-7100","-5.27","4835781654600"
"018670","SK가스","KOSPI","유통업","154500","-7200","-4.45","1426072698000"
"001740","SK네트웍스","KOSPI","유통업","5490","-70","-1.26","1214815681980"
"006120","SK디스커버리","KOSPI","기타금융","44000","-900","-2.00","826577620000"
"006125","SK디스커버리우","KOSPI","기타금융","31100","-200","-0.64","42247950500"
"210980","SK디앤디","KOSPI","서비스업","12410","-570","-4.39","211939593300"
"395400","SK리츠","KOSPI","서비스업","4095","45","1.11","1106193320505"
"302440","SK바이오사이언스","KOSPI","의약품","60100","400","0.67","4617347775000"
"326030","SK바이오팜","KOSPI","서비스업","86700","-1200","-1.37","6789758775000"
"402340","SK스퀘어","KOSPI","기타금융","77900","4800","6.57","10826622704400"
"361610","SK아이이테크놀로지","KOSPI","전기전자","65700","-1600","-2.38","4684251794400"
"100090","SK오션플랜트","KOSPI","철강금속","13660","-190","-1.37","808611458880"
"03473K","SK우","KOSPI","기타금융","131900","-1100","-0.83","74673206500"
"096770","SK이노베이션","KOSPI","화학","108400","-2200","-1.99","10377737956000"
"096775","SK이노베이션우","KOSPI","화학","77300","-700","-0.90","96503329800"
"475150","SK이터닉스","KOSPI","건설업","20350","-650","-3.10","520149459500"
"001510","SK증권","KOSPI","증권","600","-1","-0.17","283554102600"
"001515","SK증권우","KOSPI","증권","2060","20","0.98","8059778840"
"285130","SK케미칼","KOSPI","화학","58400","-600","-1.02","1007620927200"
"28513K","SK케미칼우","KOSPI","화학","26750","-200","-0.74","56587725750"
"017670","SK텔레콤","KOSPI","통신업","50500","-700","-1.37","10846897676500"
"000660","SK하이닉스","KOSPI","전기전자","187400","-1000","-0.53","136427643201000"
"003570","SNT다이내믹스","KOSPI","운수장비","17930","-60","-0.33","596220857210"
"064960","SNT모티브","KOSPI","운수장비","44800","-800","-1.75","655116492800"
"100840","SNT에너지","KOSPI","기계","33450","450","1.36","251099482950"
"036530","SNT홀딩스","KOSPI","기타금융","23800","-600","-2.46","388032486800"
"005610","SPC삼립","KOSPI","음식료품","57000","-800","-1.38","491853513000"
"011810","STX","KOSPI","유통업","7820","-20","-0.26","242560189140"
"465770","STX그린로지스","KOSPI","운수창고업","7470","-100","-1.32","53567609040"
"077970","STX엔진","KOSPI","기계","12610","190","1.53","290142279440"
"071970","STX중공업","KOSPI","기계","12650","370","3.01","361191262850"
"002820","SUN&L","KOSPI","종이목재","2575","5","0.19","32465571675"
"084870","TBH글로벌","KOSPI","섬유의복","1797","-12","-0.66","37479703743"
"002710","TCC스틸","KOSPI","철강금속","53800","-2100","-3.76","1410296898600"
"069260","TKG휴켐스","KOSPI","화학","19210","20","0.10","785277675480"
"002900","TYM","KOSPI","기계","4860","-75","-1.52","218947646160"
"024070","WISCOM","KOSPI","화학","2415","15","0.63","37013347770"
"037270","YG PLUS","KOSPI","서비스업","4170","75","1.83","264500639700"
"000500","가온전선","KOSPI","전기전자","44650","7100","18.91","328532288900"
"000860","강남제비스코","KOSPI","화학","26450","-50","-0.19","171925000000"
"035250","강원랜드","KOSPI","서비스업","15010","-110","-0.73","3211246905000"
"011420","갤럭시아에스엠","KOSPI","서비스업","2400","95","4.12","66119145600"
"002100","경농","KOSPI","화학","9960","0","0.00","194444847000"
"009450","경동나비엔","KOSPI","전기전자","53600","-2200","-3.94","780876531200"
"267290","경동도시가스","KOSPI","전기가스업","19470","-10","-0.05","114783554820"
"012320","경동인베스트","KOSPI","기타금융","69500","-3600","-4.92","164369098500"
"000050","경방","KOSPI","유통업","7920","100","1.28","217128938400"
"214390","경보제약","KOSPI","의약품","7440","0","0.00","177867038400"
"012610","경인양행","KOSPI","화학","3495","-30","-0.85","145449195675"
"009140","경인전자","KOSPI","전기전자","22000","-50","-0.23","34557534000"
"013580","계룡건설","KOSPI","건설업","12960","-260","-1.97","115744554720"
"012200","계양전기","KOSPI","기계","1835","98","5.64","49953891215"
"012205","계양전기우","KOSPI","기계","4020","145","3.74","4699697580"
"002140","고려산업","KOSPI","음식료품","3145","-65","-2.02","78434491625"
"010130","고려아연","KOSPI","철강금속","470500","-1500","-0.32","9837490654000"
"002240","고려제강","KOSPI","철강금속","20300","-50","-0.25","507500000000"
"009290","광동제약","KOSPI","의약품","6960","-40","-0.57","364849122960"
"017040","광명전기","KOSPI","전기전자","2735","55","2.05","118528377025"
"017900","광전자","KOSPI","전기전자","2140","20","0.94","123999652820"
"037710","광주신세계","KOSPI","유통업","30400","50","0.16","241898576000"
"030610","교보증권","KOSPI","증권","4810","-90","-1.84","548161842410"
"339770","교촌에프앤비","KOSPI","유통업","7920","20","0.25","197861716800"
"007690","국도화학","KOSPI","화학","36000","-300","-0.83","324382176000"
"005320","국동","KOSPI","유통업","617","-6","-0.96","41185180049"
"001140","국보","KOSPI","운수창고업","2110","0","0.00","32447620090"
"002720","국제약품","KOSPI","의약품","5160","80","1.57","109184733120"
"083420","그린케미칼","KOSPI","화학","7250","10","0.14","174000000000"
"014530","극동유화","KOSPI","화학","4015","40","1.01","140000721300"
"014280","금강공업","KOSPI","철강금속","5620","40","0.72","164830986340"
"014285","금강공업우","KOSPI","철강금속","9060","-20","-0.22","5344267500"
"008870","금비","KOSPI","비금속광물","62200","-1000","-1.58","62200000000"
"001570","금양","KOSPI","화학","101000","-3800","-3.63","5863053737000"
"002990","금호건설","KOSPI","건설업","4300","10","0.23","158900458500"
"002995","금호건설우","KOSPI","건설업","11850","50","0.42","3463352100"
"011780","금호석유","KOSPI","화학","119900","-3400","-2.76","3422866712100"
"011785","금호석유우","KOSPI","화학","61000","-1900","-3.02","184432646000"
"214330","금호에이치티","KOSPI","운수장비","615","2","0.33","130327190565"
"001210","금호전기","KOSPI","전기전자","717","-2","-0.28","27112840911"
"073240","금호타이어","KOSPI","화학","6520","30","0.46","1872937071240"
"092440","기신정기","KOSPI","기계","2995","0","0.00","87454000000"
"000270","기아","KOSPI","운수장비","109800","-1900","-1.70","44144453489400"
"024110","기업은행","KOSPI","은행","12740","-360","-2.75","10159205571060"
"013700","까뮤이앤씨","KOSPI","건설업","1645","119","7.80","74275500600"
"004540","깨끗한나라","KOSPI","종이목재","2235","-10","-0.45","83232948855"
"004545","깨끗한나라우","KOSPI","종이목재","13430","-70","-0.52","4917528800"
"001260","남광토건","KOSPI","건설업","6220","-110","-1.74","61158597840"
"008350","남선알미늄","KOSPI","철강금속","1803","1","0.06","232729599270"
"008355","남선알미우","KOSPI","철강금속","19490","240","1.25","6000776100"
"004270","남성","KOSPI","유통업","1866","17","0.92","67571890560"
"003920","남양유업","KOSPI","음식료품","506000","-5000","-0.98","364320000000"
"003925","남양유업우","KOSPI","음식료품","400000","-5500","-1.36","80000000000"
"025860","남해화학","KOSPI","화학","7060","-20","-0.28","350732631580"
"005720","넥센","KOSPI","화학","4160","-25","-0.60","222742944320"
"005725","넥센우","KOSPI","화학","3035","15","0.50","10927821000"
"002350","넥센타이어","KOSPI","화학","9120","-380","-4.00","890731038240"
"002355","넥센타이어1우B","KOSPI","화학","3355","-30","-0.89","21807500000"
"092790","넥스틸","KOSPI","철강금속","7390","0","0.00","192154780000"
"251270","넷마블","KOSPI","서비스업","56800","-200","-0.35","4882158913600"
"090350","노루페인트","KOSPI","화학","9550","30","0.32","191000000000"
"090355","노루페인트우","KOSPI","화학","13360","270","2.06","6187363360"
"000320","노루홀딩스","KOSPI","기타금융","11150","-110","-0.98","148196333650"
"000325","노루홀딩스우","KOSPI","기타금융","28450","-200","-0.70","6929253550"
"006280","녹십자","KOSPI","의약품","110700","-700","-0.63","1293699756600"
"005250","녹십자홀딩스","KOSPI","서비스업","15970","370","2.37","751040513700"
"005257","녹십자홀딩스2우","KOSPI","서비스업","27200","-450","-1.63","23010928000"
"004370","농심","KOSPI","음식료품","362500","-9000","-2.42","2204957725000"
"072710","농심홀딩스","KOSPI","기타금융","64500","-500","-0.77","299137455000"
"058730","다스코","KOSPI","기계","3475","0","0.00","67404369975"
"030210","다올투자증권","KOSPI","증권","3130","-45","-1.42","190651761780"
"023590","다우기술","KOSPI","서비스업","18470","-1090","-5.57","828686415990"
"145210","다이나믹디자인","KOSPI","기계","6080","-40","-0.65","105190645440"
"019680","대교","KOSPI","서비스업","2600","35","1.36","220227410000"
"019685","대교우B","KOSPI","서비스업","1567","14","0.90","30442093330"
"006370","대구백화점","KOSPI","유통업","7410","-290","-3.77","80188137510"
"008060","대덕","KOSPI","기타금융","6270","40","0.64","212491240500"
"00806K","대덕1우","KOSPI","기타금융","7170","0","0.00","8692599690"
"353200","대덕전자","KOSPI","전기전자","24800","-400","-1.59","1225539740000"
"35320K","대덕전자1우","KOSPI","전기전자","9640","-60","-0.62","20200803160"
"000490","대동","KOSPI","기계","12150","-130","-1.06","311535574200"
"008110","대동전자","KOSPI","전기전자","6990","170","2.49","73328224530"
"005750","대림B&Co","KOSPI","비금속광물","3830","15","0.39","63854679200"
"006570","대림통상","KOSPI","기계","2990","50","1.70","45522750000"
"001680","대상","KOSPI","음식료품","19580","-360","-1.81","678408329500"
"001685","대상우","KOSPI","음식료품","15010","-300","-1.96","20567047230"
"084690","대상홀딩스","KOSPI","기타금융","8400","-20","-0.24","304185319200"
"084695","대상홀딩스우","KOSPI","기타금융","13840","-460","-3.22","12642590880"
"128820","대성산업","KOSPI","유통업","3875","-105","-2.64","175287477250"
"117580","대성에너지","KOSPI","전기가스업","9190","-60","-0.65","252725000000"
"016710","대성홀딩스","KOSPI","서비스업","8990","-40","-0.44","144644236410"
"003540","대신증권","KOSPI","증권","14720","-310","-2.06","747384448000"
"003547","대신증권2우B","KOSPI","증권","13730","-140","-1.01","137300000000"
"003545","대신증권우","KOSPI","증권","14160","-320","-2.21","368160000000"
"009190","대양금속","KOSPI","철강금속","2395","-5","-0.21","94064721910"
"014160","대영포장","KOSPI","종이목재","1390","36","2.66","150668423110"
"047040","대우건설","KOSPI","건설업","3705","0","0.00","1539881873790"
"009320","대우부품","KOSPI","운수장비","1411","7","0.50","69561975470"
"003090","대웅","KOSPI","의약품","18400","-230","-1.23","1069812432000"
"069620","대웅제약","KOSPI","의약품","114700","2200","1.96","1328980152500"
"000430","대원강업","KOSPI","운수장비","5110","-30","-0.58","316820000000"
"006340","대원전선","KOSPI","전기전자","2385","95","4.15","171635413590"
"006345","대원전선우","KOSPI","전기전자","4425","1020","29.96","11598810000"
"003220","대원제약","KOSPI","의약품","14200","-10","-0.07","315100754800"
"024890","대원화성","KOSPI","화학","1778","4","0.23","73340992256"
"002880","대유에이텍","KOSPI","운수장비","1200","-25","-2.04","56092824000"
"000300","대유플러스","KOSPI","전기전자","241","0","0.00","30475633069"
"012800","대창","KOSPI","철강금속","1543","85","5.83","140629789957"
"015230","대창단조","KOSPI","운수장비","5140","-100","-1.91","146861262200"
"001070","대한방직","KOSPI","섬유의복","6940","-60","-0.86","36782000000"
"006650","대한유화","KOSPI","화학","141800","-6200","-4.19","921700000000"
"001440","대한전선","KOSPI","전기전자","13330","380","2.93","2485342509000"
"084010","대한제강","KOSPI","철강금속","13480","190","1.43","315626071560"
"001790","대한제당","KOSPI","음식료품","3010","-10","-0.33","269986705800"
"001795","대한제당우","KOSPI","음식료품","2790","-10","-0.36","18086900400"
"001130","대한제분","KOSPI","음식료품","129800","-800","-0.61","219362000000"
"003490","대한항공","KOSPI","운수창고업","20500","-500","-2.38","7548523550500"
"003495","대한항공우","KOSPI","운수창고업","23950","50","0.21","26603516300"
"005880","대한해운","KOSPI","운수창고업","1881","-27","-1.42","600372802260"
"003830","대한화섬","KOSPI","화학","107500","300","0.28","142760000000"
"016090","대현","KOSPI","섬유의복","1912","5","0.26","84667776720"
"069460","대호에이엘","KOSPI","철강금속","1072","-54","-4.80","72408128512"
"192080","더블유게임즈","KOSPI","서비스업","40050","650","1.65","860911035300"
"012510","더존비즈온","KOSPI","서비스업","58700","2100","3.71","1783469420800"
"004830","덕성","KOSPI","화학","7200","-270","-3.61","112896000000"
"004835","덕성우","KOSPI","화학","9540","-370","-3.73","13279680000"
"024900","덕양산업","KOSPI","운수장비","4600","30","0.66","149798908000"
"145720","덴티움","KOSPI","의료정밀","131100","3900","3.07","1451123613000"
"002150","도화엔지니어링","KOSPI","서비스업","7550","40","0.53","254586000000"
"460850","동국씨엠","KOSPI","철강금속","6160","-20","-0.32","184175720960"
"460860","동국제강","KOSPI","철강금속","11210","-40","-0.36","556105870570"
"001230","동국홀딩스","KOSPI","철강금속","8070","-120","-1.47","256629897810"
"023450","동남합성","KOSPI","화학","31300","-100","-0.32","109550000000"
"004140","동방","KOSPI","운수창고업","2310","-35","-1.49","110814779460"
"007590","동방아그로","KOSPI","화학","6310","-10","-0.16","85926910870"
"005960","동부건설","KOSPI","건설업","4890","-5","-0.10","112198326270"
"005965","동부건설우","KOSPI","건설업","23100","0","0.00","5214409200"
"026960","동서","KOSPI","유통업","17940","50","0.28","1788618000000"
"002210","동성제약","KOSPI","의약품","5340","-60","-1.11","139379179800"
"102260","동성케미컬","KOSPI","서비스업","4535","0","0.00","225342916480"
"000640","동아쏘시오홀딩스","KOSPI","기타금융","115500","-3500","-2.94","733299451500"
"170900","동아에스티","KOSPI","의약품","68500","600","0.88","590129692000"
"028100","동아지질","KOSPI","건설업","12680","110","0.88","178187551280"
"282690","동아타이어","KOSPI","화학","11950","-30","-0.25","164109529250"
"001520","동양","KOSPI","비금속광물","922","-1","-0.11","220066706086"
"001527","동양2우B","KOSPI","비금속광물","11460","-90","-0.78","3536200740"
"084670","동양고속","KOSPI","운수창고업","11670","10","0.09","33791290230"
"082640","동양생명","KOSPI","보험","5040","-100","-1.95","813247268400"
"001525","동양우","KOSPI","비금속광물","5590","20","0.36","3453116290"
"008970","동양철관","KOSPI","철강금속","706","1","0.14","83933014740"
"092780","동양피스톤","KOSPI","운수장비","4340","-10","-0.23","57151116400"
"049770","동원F&B","KOSPI","음식료품","36200","-300","-0.82","698501444000"
"018500","동원금속","KOSPI","운수장비","1698","-9","-0.53","79389876234"
"006040","동원산업","KOSPI","기타금융","35550","-550","-1.52","1652458740750"
"030720","동원수산","KOSPI","농업, 임업 및 어업","5960","-30","-0.50","27736677800"
"014820","동원시스템즈","KOSPI","화학","39000","-350","-0.89","1130659998000"
"014825","동원시스템즈우","KOSPI","화학","23050","-300","-1.28","6087758550"
"111380","동인기연","KOSPI","기타제조업","20100","-350","-1.71","123172800000"
"163560","동일고무벨트","KOSPI","화학","9280","-120","-1.28","128992000000"
"004890","동일산업","KOSPI","철강금속","42900","150","0.35","104041723500"
"002690","동일제강","KOSPI","철강금속","1814","8","0.44","36824853040"
"000020","동화약품","KOSPI","의약품","8800","-20","-0.23","245796936000"
"000150","두산","KOSPI","기타금융","164000","12200","8.04","2709908940000"
"000157","두산2우B","KOSPI","기타금융","79000","2200","2.86","70550002000"
"454910","두산로보틱스","KOSPI","기계","76900","3600","4.91","4984656462000"
"241560","두산밥캣","KOSPI","기계","53500","2300","4.49","5363330381000"
"034020","두산에너빌리티","KOSPI","기계","15310","190","1.26","9806991145260"
"000155","두산우","KOSPI","기타금융","71100","2300","3.34","284148448200"
"336260","두산퓨얼셀","KOSPI","전기전자","19310","140","0.73","1264683849060"
"33626K","두산퓨얼셀1우","KOSPI","전기전자","5980","20","0.34","79917916000"
"33626L","두산퓨얼셀2우B","KOSPI","전기전자","7880","-50","-0.63","23532044000"
"016740","두올","KOSPI","운수장비","3630","5","0.14","120032048400"
"192650","드림텍","KOSPI","전기전자","9690","-50","-0.51","667176364500"
"024090","디씨엠","KOSPI","철강금속","11180","150","1.36","127452000000"
"003160","디아이","KOSPI","의료정밀","18940","1360","7.74","536002000000"
"092200","디아이씨","KOSPI","운수장비","5210","-10","-0.19","202609444490"
"377190","디앤디플랫폼리츠","KOSPI","서비스업","3455","20","0.58","222502000000"
"013570","디와이","KOSPI","기타금융","5660","40","0.71","148969122780"
"210540","디와이파워","KOSPI","기계","12850","-90","-0.70","141885947800"
"115390","락앤락","KOSPI","화학","7410","200","2.77","321048705510"
"032350","롯데관광개발","KOSPI","서비스업","9590","-220","-2.24","730479918770"
"089860","롯데렌탈","KOSPI","서비스업","27500","-50","-0.18","1007436732500"
"330590","롯데리츠","KOSPI","서비스업","3230","-5","-0.15","784789495320"
"000400","롯데손해보험","KOSPI","보험","3270","10","0.31","1014799766400"
"023530","롯데쇼핑","KOSPI","유통업","68000","-2500","-3.55","1923635340000"
"020150","롯데에너지머티리얼즈","KOSPI","전기전자","44650","-1950","-4.18","2058848782750"
"280360","롯데웰푸드","KOSPI","음식료품","123000","-1700","-1.36","1160452602000"
"004000","롯데정밀화학","KOSPI","화학","44200","-1000","-2.21","1140360000000"
"286940","롯데정보통신","KOSPI","서비스업","35200","500","1.44","541950851200"
"004990","롯데지주","KOSPI","기타금융","25700","-400","-1.53","2696167390900"
"00499K","롯데지주우","KOSPI","기타금융","34400","-300","-0.86","27712743200"
"005300","롯데칠성","KOSPI","음식료품","124500","-2700","-2.12","1155221058000"
"005305","롯데칠성우","KOSPI","음식료품","67500","-100","-0.15","52333425000"
"011170","롯데케미칼","KOSPI","화학","110300","-1900","-1.69","4718128715700"
"071840","롯데하이마트","KOSPI","유통업","9390","-60","-0.63","221676415680"
"027740","마니커","KOSPI","음식료품","1140","-3","-0.26","72402799920"
"357430","마스턴프리미어리츠","KOSPI","서비스업","2845","15","0.53","75620100000"
"001080","만호제강","KOSPI","철강금속","47150","0","0.00","195672500000"
"088980","맥쿼리인프라","KOSPI","기타금융","12540","-10","-0.08","5464698191700"
"094800","맵스리얼티1","KOSPI","기타금융","4245","5","0.12","394081735095"
"138040","메리츠금융지주","KOSPI","기타금융","78200","-2500","-3.10","15223281114800"
"090370","메타랩스","KOSPI","섬유의복","1909","15","0.79","47543051301"
"017180","명문제약","KOSPI","의약품","2115","-5","-0.24","71811555210"
"009900","명신산업","KOSPI","운수장비","14770","-290","-1.93","774983864410"
"012690","모나리자","KOSPI","종이목재","3050","15","0.49","111542327750"
"005360","모나미","KOSPI","유통업","2860","5","0.18","54046298020"
"009680","모토닉","KOSPI","운수장비","8150","20","0.25","268950000000"
"009580","무림P&P","KOSPI","종이목재","3085","5","0.16","192406279540"
"009200","무림페이퍼","KOSPI","종이목재","2110","-20","-0.94","87795644100"
"033920","무학","KOSPI","음식료품","5060","0","0.00","144210000000"
"008420","문배철강","KOSPI","철강금속","2840","-5","-0.18","58229954200"
"025560","미래산업","KOSPI","의료정밀","2275","160","7.57","69227726750"
"007120","미래아이앤지","KOSPI","서비스업","1124","26","2.37","31341148416"
"396690","미래에셋글로벌리츠","KOSPI","서비스업","3060","-10","-0.33","121194176400"
"357250","미래에셋맵스리츠","KOSPI","서비스업","3185","10","0.31","79609409425"
"085620","미래에셋생명","KOSPI","보험","4830","-25","-0.51","854988192870"
"006800","미래에셋증권","KOSPI","증권","7600","-140","-1.81","4524404700800"
"00680K","미래에셋증권2우B","KOSPI","증권","3575","-35","-0.97","500500000000"
"006805","미래에셋증권우","KOSPI","증권","3945","-40","-1.00","55528833750"
"002840","미원상사","KOSPI","화학","192400","4400","2.34","913900000000"
"268280","미원에스씨","KOSPI","화학","142900","-100","-0.07","714500000000"
"107590","미원홀딩스","KOSPI","기타금융","78200","-200","-0.26","181424000000"
"134380","미원화학","KOSPI","화학","70500","300","0.43","155048394000"
"003650","미창석유","KOSPI","화학","77200","-200","-0.26","134302678400"
"377740","바이오노트","KOSPI","의약품","4040","-25","-0.62","412306433920"
"003610","방림","KOSPI","섬유의복","2065","10","0.49","87378595850"
"001340","백광산업","KOSPI","화학","7790","0","0.00","349914390530"
"035150","백산","KOSPI","화학","13480","110","0.82","303502200000"
"002410","범양건영","KOSPI","건설업","1496","-17","-1.12","37148645072"
"007210","벽산","KOSPI","비금속광물","2130","0","0.00","146032800000"
"002760","보락","KOSPI","화학","1165","-9","-0.77","69783500000"
"003850","보령","KOSPI","의약품","11490","160","1.41","789248100000"
"000890","보해양조","KOSPI","음식료품","495","-4","-0.80","68864463855"
"003000","부광약품","KOSPI","의약품","6070","100","1.68","431352707430"
"001270","부국증권","KOSPI","증권","22900","-650","-2.76","237470389400"
"001275","부국증권우","KOSPI","증권","20450","-150","-0.73","61350000000"
"026940","부국철강","KOSPI","철강금속","3045","0","0.00","60900000000"
"011390","부산산업","KOSPI","비금속광물","54700","200","0.37","57763200000"
"005030","부산주공","KOSPI","운수장비","486","0","0.00","38288532168"
"002070","비비안","KOSPI","섬유의복","1080","7","0.65","32177509200"
"100220","비상교육","KOSPI","서비스업","4895","65","1.35","63619047195"
"090460","비에이치","KOSPI","전기전자","17050","100","0.59","587617661950"
"030790","비케이탑스","KOSPI","서비스업","904","0","0.00","19208323080"
"005180","빙그레","KOSPI","음식료품","58700","100","0.17","578267846700"
"003960","사조대림","KOSPI","음식료품","34900","-150","-0.43","319839898300"
"008040","사조동아원","KOSPI","음식료품","942","-6","-0.63","132958213200"
"007160","사조산업","KOSPI","농업, 임업 및 어업","36700","-750","-2.00","183500000000"
"014710","사조씨푸드","KOSPI","음식료품","3365","-15","-0.44","57940397195"
"006090","사조오양","KOSPI","음식료품","8530","-30","-0.35","80375963670"
"001470","삼부토건","KOSPI","건설업","1701","31","1.86","347444991054"
"028050","삼성E&A","KOSPI","서비스업","24950","-50","-0.20","4890200000000"
"448730","삼성FN리츠","KOSPI","서비스업","5020","0","0.00","388046000000"
"006400","삼성SDI","KOSPI","전기전자","401000","-6500","-1.60","27574576530000"
"006405","삼성SDI우","KOSPI","전기전자","236500","-3500","-1.46","382632404000"
"006660","삼성공조","KOSPI","운수장비","8640","20","0.23","70211352960"
"028260","삼성물산","KOSPI","유통업","140100","-6900","-4.69","26001392967000"
"02826K","삼성물산우B","KOSPI","유통업","103400","-2700","-2.54","168275745000"
"207940","삼성바이오로직스","KOSPI","의약품","790000","-5000","-0.63","56227460000000"
"032830","삼성생명","KOSPI","보험","81100","-3900","-4.59","16220000000000"
"018260","삼성에스디에스","KOSPI","서비스업","151400","300","0.20","11714998920000"
"009150","삼성전기","KOSPI","전기전자","157700","1200","0.77","11779195859200"
"009155","삼성전기우","KOSPI","전기전자","74900","600","0.81","217733101600"
"005930","삼성전자","KOSPI","전기전자","83700","-400","-0.48","499670799435000"
"005935","삼성전자우","KOSPI","전기전자","69100","-100","-0.14","56861470970000"
"001360","삼성제약","KOSPI","의약품","1694","4","0.24","159510561826"
"010140","삼성중공업","KOSPI","운수장비","8910","410","4.82","7840800000000"
"016360","삼성증권","KOSPI","증권","36800","-650","-1.74","3286240000000"
"068290","삼성출판사","KOSPI","서비스업","19090","-120","-0.62","190900000000"
"029780","삼성카드","KOSPI","기타금융","35400","0","0.00","4101404741400"
"000810","삼성화재","KOSPI","보험","288500","-6500","-2.20","13667640474500"
"000815","삼성화재우","KOSPI","보험","229500","-1000","-0.43","732564000000"
"006110","삼아알미늄","KOSPI","철강금속","74000","-5000","-6.33","1088681784000"
"145990","삼양사","KOSPI","음식료품","49750","400","0.81","513094087750"
"145995","삼양사우","KOSPI","음식료품","28200","200","0.71","10435974000"
"003230","삼양식품","KOSPI","음식료품","240000","7000","3.00","1807923600000"
"002170","삼양통상","KOSPI","기타제조업","47800","-350","-0.73","143400000000"
"272550","삼양패키징","KOSPI","화학","16900","-420","-2.42","266828539900"
"000070","삼양홀딩스","KOSPI","기타금융","67900","0","0.00","581514000900"
"000075","삼양홀딩스우","KOSPI","기타금융","54600","0","0.00","16601566800"
"003720","삼영","KOSPI","화학","4020","90","2.29","136680000000"
"002810","삼영무역","KOSPI","유통업","12950","50","0.39","239146976600"
"005680","삼영전자","KOSPI","전기전자","10550","820","8.43","211000000000"
"023000","삼원강재","KOSPI","운수장비","2770","10","0.36","110800000000"
"004380","삼익THK","KOSPI","기계","13970","-250","-1.76","293370000000"
"002450","삼익악기","KOSPI","기타제조업","1309","14","1.08","118504967735"
"004440","삼일씨엔에스","KOSPI","비금속광물","4485","45","1.01","57102782295"
"000520","삼일제약","KOSPI","의약품","10950","430","4.09","216489373050"
"009770","삼정펄프","KOSPI","종이목재","25300","500","2.02","63249266300"
"005500","삼진제약","KOSPI","의약품","19950","-40","-0.20","277305000000"
"004690","삼천리","KOSPI","전기가스업","90600","0","0.00","367385265000"
"010960","삼호개발","KOSPI","건설업","3310","50","1.53","82750000000"
"004450","삼화왕관","KOSPI","기계","31400","-50","-0.16","67647500600"
"009470","삼화전기","KOSPI","전기전자","42100","-600","-1.41","278441822000"
"011230","삼화전자","KOSPI","전기전자","4105","-30","-0.73","69385583500"
"001820","삼화콘덴서","KOSPI","전기전자","45300","5750","14.54","470893500000"
"000390","삼화페인트","KOSPI","화학","7660","60","0.79","208378572540"
"001290","상상인증권","KOSPI","증권","709","3","0.42","76811018080"
"041650","상신브레이크","KOSPI","운수장비","3875","30","0.78","83201868750"
"075180","새론오토모티브","KOSPI","운수장비","3775","-85","-2.20","72480000000"
"007540","샘표","KOSPI","기타금융","48350","250","0.52","139044930000"
"248170","샘표식품","KOSPI","음식료품","26950","100","0.37","123115307700"
"007860","서연","KOSPI","기타금융","9350","-150","-1.58","219536541400"
"200880","서연이화","KOSPI","운수장비","18160","-70","-0.38","490836415920"
"017390","서울가스","KOSPI","전기가스업","56900","0","0.00","284500000000"
"004410","서울식품","KOSPI","음식료품","175","0","0.00","65582222825"
"004415","서울식품우","KOSPI","음식료품","1721","1","0.06","3828364500"
"021050","서원","KOSPI","철강금속","1308","32","2.51","62096763720"
"008490","서흥","KOSPI","화학","21450","-150","-0.69","248157473850"
"007610","선도전기","KOSPI","전기전자","3000","0","0.00","54000000000"
"136490","선진","KOSPI","음식료품","7030","-20","-0.28","167170616120"
"014910","성문전자","KOSPI","전기전자","1452","23","1.61","32613350220"
"014915","성문전자우","KOSPI","전기전자","6000","-60","-0.99","3600000000"
"003080","성보화학","KOSPI","화학","2925","10","0.34","58558500000"
"004980","성신양회","KOSPI","비금속광물","8480","-40","-0.47","207896299040"
"004985","성신양회우","KOSPI","비금속광물","12680","80","0.63","9327978600"
"011300","성안","KOSPI","섬유의복","1256","7","0.56","88613041960"
"000180","성창기업지주","KOSPI","서비스업","1968","-5","-0.25","137271148800"
"002420","세기상사","KOSPI","유통업","8250","600","7.84","45860496000"
"004360","세방","KOSPI","운수창고업","11420","-200","-1.72","220505239800"
"004365","세방우","KOSPI","운수창고업","7300","-130","-1.75","26931525000"
"004490","세방전지","KOSPI","전기전자","87500","300","0.34","1225000000000"
"001430","세아베스틸지주","KOSPI","철강금속","21800","-100","-0.46","781794194200"
"306200","세아제강","KOSPI","철강금속","134100","300","0.22","380347830000"
"003030","세아제강지주","KOSPI","기타금융","226000","-5000","-2.16","936014482000"
"019440","세아특수강","KOSPI","철강금속","13600","-30","-0.22","116552000000"
"058650","세아홀딩스","KOSPI","철강금속","105800","-700","-0.66","423200000000"
"013000","세우글로벌","KOSPI","유통업","1513","108","7.69","43430711903"
"091090","세원이앤씨","KOSPI","기계","1270","0","0.00","54838923850"
"021820","세원정공","KOSPI","운수장비","8090","-110","-1.34","80900000000"
"067830","세이브존I&C","KOSPI","유통업","2440","-10","-0.41","100139783800"
"033530","세종공업","KOSPI","운수장비","5740","-20","-0.35","159692316140"
"075580","세진중공업","KOSPI","운수장비","6960","10","0.14","395672213760"
"068270","셀트리온","KOSPI","의약품","182200","2700","1.50","39728666636400"
"336370","솔루스첨단소재","KOSPI","전기전자","19910","10","0.05","1398027319040"
"33637K","솔루스첨단소재1우","KOSPI","전기전자","3395","95","2.88","57405260570"
"33637L","솔루스첨단소재2우B","KOSPI","전기전자","6430","130","2.06","24294443280"
"248070","솔루엠","KOSPI","전기전자","26000","0","0.00","1300144326000"
"004430","송원산업","KOSPI","화학","14030","510","3.77","336720000000"
"126720","수산인더스트리","KOSPI","건설업","21900","-250","-1.13","312863400000"
"017550","수산중공업","KOSPI","기계","2015","5","0.25","125734246950"
"053210","스카이라이프","KOSPI","서비스업","5430","0","0.00","258049645650"
"204210","스타리츠","KOSPI","서비스업","4145","-685","-14.18","32442148175"
"026890","스틱인베스트먼트","KOSPI","기타금융","8090","140","1.76","337176435750"
"134790","시디즈","KOSPI","기타제조업","28900","600","2.12","57800000000"
"016590","신대양제지","KOSPI","종이목재","5840","-40","-0.68","235339268800"
"029530","신도리코","KOSPI","전기전자","36600","-800","-2.14","368929061400"
"004970","신라교역","KOSPI","농업, 임업 및 어업","8680","10","0.12","138880000000"
"011930","신성이엔지","KOSPI","전기전자","2280","-20","-0.87","469333784280"
"005390","신성통상","KOSPI","유통업","1836","24","1.32","263848604040"
"004170","신세계","KOSPI","유통업","159200","-3700","-2.27","1567352815200"
"035510","신세계 I&C","KOSPI","서비스업","11030","-100","-0.90","189716000000"
"034300","신세계건설","KOSPI","건설업","10620","130","1.24","82417083480"
"031430","신세계인터내셔날","KOSPI","유통업","17100","-50","-0.29","610470000000"
"031440","신세계푸드","KOSPI","서비스업","35600","-400","-1.11","137860288000"
"006880","신송홀딩스","KOSPI","유통업","7510","130","1.76","88834723580"
"005800","신영와코루","KOSPI","섬유의복","9370","40","0.43","84330000000"
"001720","신영증권","KOSPI","증권","64900","200","0.31","612273739000"
"001725","신영증권우","KOSPI","증권","63800","0","0.00","446975782000"
"009270","신원","KOSPI","섬유의복","1283","1","0.08","131618294748"
"002700","신일전자","KOSPI","유통업","1854","3","0.16","131722103934"
"002870","신풍","KOSPI","유통업","827","-20","-2.36","28910844900"
"019170","신풍제약","KOSPI","의약품","13700","450","3.40","725894363000"
"019175","신풍제약우","KOSPI","의약품","27150","2600","10.59","59730000000"
"404990","신한서부티엔디리츠","KOSPI","서비스업","3900","-20","-0.51","218227947600"
"293940","신한알파리츠","KOSPI","서비스업","6360","110","1.76","560316782280"
"055550","신한지주","KOSPI","기타금융","41850","-1250","-2.90","21318106005900"
"004080","신흥","KOSPI","유통업","14500","0","0.00","137750000000"
"102280","쌍방울","KOSPI","섬유의복","269","0","0.00","70637282701"
"003410","쌍용C&E","KOSPI","비금속광물","7000","0","0.00","3490878776000"
"004770","써니전자","KOSPI","전기전자","2480","445","21.87","91023152320"
"403550","쏘카","KOSPI","서비스업","19780","60","0.30","648613931560"
"004920","씨아이테크","KOSPI","기타제조업","1198","-44","-3.54","59978820014"
"112610","씨에스윈드","KOSPI","기계","55100","-2100","-3.67","2323644305300"
"308170","씨티알모빌리티","KOSPI","운수장비","9220","-320","-3.35","79384200000"
"008700","아남전자","KOSPI","전기전자","1908","-20","-1.04","147154156560"
"002790","아모레G","KOSPI","화학","28200","1450","5.42","2325320676000"
"00279K","아모레G3우(전환)","KOSPI","화학","19510","610","3.23","138368822000"
"002795","아모레G우","KOSPI","화학","10300","220","2.18","66370831000"
"090430","아모레퍼시픽","KOSPI","화학","135000","7600","5.97","7896522465000"
"090435","아모레퍼시픽우","KOSPI","화학","38600","1300","3.49","407532238000"
"002030","아세아","KOSPI","서비스업","261000","500","0.19","552184128000"
"183190","아세아시멘트","KOSPI","비금속광물","9800","-160","-1.61","377318482800"
"002310","아세아제지","KOSPI","종이목재","44950","0","0.00","402594764900"
"012170","아센디오","KOSPI","서비스업","1064","1","0.09","110197935232"
"267850","아시아나IDT","KOSPI","서비스업","16240","-200","-1.22","180264000000"
"020560","아시아나항공","KOSPI","운수창고업","10830","-40","-0.37","805879404120"
"122900","아이마켓코리아","KOSPI","유통업","8260","0","0.00","276122218400"
"010780","아이에스동서","KOSPI","비금속광물","24950","-150","-0.60","753165051200"
"139990","아주스틸","KOSPI","철강금속","6260","70","1.13","165590703140"
"001780","알루코","KOSPI","철강금속","3280","60","1.86","317115752960"
"018250","애경산업","KOSPI","화학","19280","50","0.26","509183546800"
"161000","애경케미칼","KOSPI","화학","12510","120","0.97","608595349590"
"011090","에넥스","KOSPI","기타제조업","497","-13","-2.55","29815845577"
"137310","에스디바이오센서","KOSPI","의료정밀","11000","0","0.00","1369250883000"
"118000","에스메디","KOSPI","유통업","520","2","0.39","74244228760"
"005850","에스엘","KOSPI","운수장비","31450","-450","-1.41","1460805954000"
"010580","에스엠벡셀","KOSPI","운수장비","1580","45","2.93","175777780800"
"012750","에스원","KOSPI","서비스업","60700","300","0.50","2306550104600"
"023960","에쓰씨엔지니어링","KOSPI","건설업","1556","1","0.06","51132285496"
"298690","에어부산","KOSPI","운수창고업","2650","-45","-1.67","309096000000"
"140910","에이리츠","KOSPI","서비스업","3130","0","0.00","13969290160"
"078520","에이블씨엔씨","KOSPI","화학","6810","90","1.34","177156436410"
"015260","에이엔피","KOSPI","전기전자","1153","-17","-1.45","52019778782"
"007460","에이프로젠","KOSPI","기계","1731","-92","-5.05","458433293598"
"003060","에이프로젠바이오로직스","KOSPI","의약품","190","0","0.00","126493390910"
"244920","에이플러스에셋","KOSPI","기타금융","3825","-5","-0.13","86474425725"
"278470","에이피알","KOSPI","화학","241500","5500","2.33","1831627287000"
"450080","에코프로머티","KOSPI","전기전자","114700","-4800","-4.02","7912604504600"
"036570","엔씨소프트","KOSPI","서비스업","176000","-1800","-1.01","3863907872000"
"085310","엔케이","KOSPI","기계","884","5","0.57","70705283168"
"900140","엘브이엠씨홀딩스","KOSPI","유통업","2860","-40","-1.38","490742855460"
"066970","엘앤에프","KOSPI","전기전자","160000","-7500","-4.48","5800958880000"
"097520","엠씨넥스","KOSPI","전기전자","24650","50","0.20","443151093800"
"014440","영보화학","KOSPI","화학","3510","-30","-0.85","70200000000"
"111770","영원무역","KOSPI","유통업","37150","-700","-1.85","1646171036200"
"009970","영원무역홀딩스","KOSPI","기타금융","83000","-1800","-2.12","1131754136000"
"003520","영진약품","KOSPI","의약품","2035","5","0.25","372186707585"
"000670","영풍","KOSPI","철강금속","443500","0","0.00","816944740000"
"006740","영풍제지","KOSPI","종이목재","1909","-3","-0.16","88734420532"
"012280","영화금속","KOSPI","운수장비","875","9","1.04","45206441875"
"012160","영흥","KOSPI","철강금속","511","1","0.20","51769600092"
"015360","예스코홀딩스","KOSPI","서비스업","38450","150","0.39","230700000000"
"007310","오뚜기","KOSPI","음식료품","394000","-2000","-0.51","1579085020000"
"002630","오리엔트바이오","KOSPI","의약품","564","-5","-0.88","66880814820"
"271560","오리온","KOSPI","음식료품","95600","-900","-0.93","3779654219200"
"001800","오리온홀딩스","KOSPI","기타금융","14000","-100","-0.71","877035908000"
"011690","와이투솔루션","KOSPI","전기전자","3760","95","2.59","137519721440"
"070960","용평리조트","KOSPI","서비스업","2850","30","1.06","137179999050"
"316140","우리금융지주","KOSPI","기타금융","13410","-360","-2.61","9958152028410"
"006980","우성","KOSPI","음식료품","19440","130","0.67","60069600000"
"017370","우신시스템","KOSPI","기계","8140","90","1.12","149076399560"
"105840","우진","KOSPI","의료정밀","8040","20","0.25","163401856560"
"010400","우진아이엔에스","KOSPI","건설업","4980","410","8.97","37957560000"
"049800","우진플라임","KOSPI","기계","2690","5","0.19","53800000000"
"016880","웅진","KOSPI","서비스업","1158","6","0.52","92555558640"
"095720","웅진씽크빅","KOSPI","서비스업","2155","-35","-1.60","248915397675"
"005820","원림","KOSPI","섬유의복","19030","-160","-0.83","43730369100"
"010600","웰바이오텍","KOSPI","유통업","545","0","0.00","49553256815"
"008600","윌비스","KOSPI","유통업","494","-6","-1.20","33214603266"
"033270","유나이티드제약","KOSPI","의약품","22550","-250","-1.10","368327686100"
"014830","유니드","KOSPI","화학","87500","1200","1.39","592165000000"
"446070","유니드비티플러스","KOSPI","종이목재","5120","0","0.00","54329420800"
"000910","유니온","KOSPI","비금속광물","5430","190","3.63","84771091170"
"047400","유니온머티리얼","KOSPI","비금속광물","2675","60","2.29","112350000000"
"011330","유니켐","KOSPI","기타제조업","1810","-50","-2.69","175095560990"
"077500","유니퀘스트","KOSPI","유통업","7100","-50","-0.70","154737506500"
"002920","유성기업","KOSPI","운수장비","2700","15","0.56","70058250000"
"000700","유수홀딩스","KOSPI","서비스업","5470","-70","-1.26","142448711640"
"003470","유안타증권","KOSPI","증권","2640","10","0.38","526934960640"
"003475","유안타증권우","KOSPI","증권","2740","0","0.00","35379460880"
"072130","유엔젤","KOSPI","서비스업","3450","40","1.17","45524316300"
"000220","유유제약","KOSPI","의약품","4785","0","0.00","81499799535"
"000225","유유제약1우","KOSPI","의약품","5040","70","1.41","11425327200"
"000227","유유제약2우B","KOSPI","의약품","10940","310","2.92","3561626400"
"001200","유진투자증권","KOSPI","증권","4480","45","1.01","433961552640"
"000100","유한양행","KOSPI","의약품","71200","2000","2.89","5710885356800"
"000105","유한양행우","KOSPI","의약품","62600","800","1.29","73926844000"
"003460","유화증권","KOSPI","증권","2225","5","0.23","126162873375"
"003465","유화증권우","KOSPI","증권","2240","-50","-2.18","39147192000"
"008730","율촌화학","KOSPI","화학","35150","800","2.33","871720000000"
"008250","이건산업","KOSPI","종이목재","5380","30","0.56","58925176300"
"025820","이구산업","KOSPI","철강금속","5700","120","2.15","190619400000"
"214320","이노션","KOSPI","서비스업","21400","-200","-0.93","856000000000"
"088260","이리츠코크렙","KOSPI","서비스업","4885","25","0.51","309423667150"
"139480","이마트","KOSPI","유통업","60900","-3100","-4.84","1697637377100"
"457190","이수스페셜티케미컬","KOSPI","화학","320500","3500","1.10","1794746156000"
"007660","이수페타시스","KOSPI","전기전자","42000","-450","-1.06","2656349598000"
"005950","이수화학","KOSPI","화학","12140","-30","-0.25","275854051460"
"015020","이스타코","KOSPI","서비스업","791","-101","-11.32","33895615600"
"093230","이아이디","KOSPI","유통업","1392","0","0.00","354103029120"
"074610","이엔플러스","KOSPI","기계","2955","5","0.17","207261805845"
"102460","이연제약","KOSPI","의약품","13790","-20","-0.14","256312123690"
"084680","이월드","KOSPI","기타제조업","2015","10","0.50","285739478895"
"350520","이지스레지던스리츠","KOSPI","서비스업","4020","10","0.25","114001640340"
"334890","이지스밸류리츠","KOSPI","서비스업","4790","35","0.74","246414216510"
"000760","이화산업","KOSPI","유통업","14700","40","0.27","41160000000"
"014990","인디에프","KOSPI","섬유의복","706","1","0.14","53029774470"
"101140","인바이오젠","KOSPI","유통업","9340","0","0.00","93812977440"
"006490","인스코비","KOSPI","통신업","1166","-16","-1.35","135489374900"
"023800","인지컨트롤스","KOSPI","운수장비","7700","-20","-0.26","121730816900"
"034590","인천도시가스","KOSPI","전기가스업","25450","50","0.20","111337489300"
"129260","인터지스","KOSPI","운수창고업","2310","0","0.00","68717588940"
"023810","인팩","KOSPI","운수장비","8750","20","0.23","87500000000"
"249420","일동제약","KOSPI","의약품","15130","-70","-0.46","424585640130"
"000230","일동홀딩스","KOSPI","의약품","8690","120","1.40","100286076000"
"013360","일성건설","KOSPI","건설업","1335","-45","-3.26","72123214800"
"003120","일성아이에스","KOSPI","의약품","20600","-150","-0.72","273980000000"
"003200","일신방직","KOSPI","섬유의복","8730","30","0.34","203234400000"
"007110","일신석재","KOSPI","유통업","1080","-4","-0.37","83653138800"
"007570","일양약품","KOSPI","의약품","14070","-10","-0.07","268535292480"
"007575","일양약품우","KOSPI","의약품","15010","10","0.07","6680650800"
"008500","일정실업","KOSPI","섬유의복","15840","-1310","-7.64","19008000000"
"081000","일진다이아","KOSPI","화학","12960","20","0.15","184070556000"
"020760","일진디스플","KOSPI","전기전자","1069","-16","-1.47","55068189129"
"103590","일진전기","KOSPI","전기전자","20450","150","0.74","975166225500"
"271940","일진하이솔루스","KOSPI","운수장비","22600","-200","-0.88","820678094000"
"015860","일진홀딩스","KOSPI","기타금융","4195","5","0.12","207012691185"
"226320","잇츠한불","KOSPI","화학","11990","340","2.92","262932486850"
"317400","자이에스앤디","KOSPI","서비스업","4095","-40","-0.97","158814419400"
"033240","자화전자","KOSPI","전기전자","25950","650","2.57","574944826500"
"000950","전방","KOSPI","섬유의복","20400","50","0.25","34272000000"
"348950","제이알글로벌리츠","KOSPI","서비스업","4075","10","0.25","804307200000"
"194370","제이에스코퍼레이션","KOSPI","기타제조업","18400","120","0.66","245375058400"
"025620","제이준코스메틱","KOSPI","화학","6250","-240","-3.70","28030287500"
"030000","제일기획","KOSPI","서비스업","18580","-390","-2.06","2137465960500"
"271980","제일약품","KOSPI","의약품","17680","-900","-4.84","259982136960"
"001560","제일연마","KOSPI","비금속광물","8220","210","2.62","82200000000"
"002620","제일파마홀딩스","KOSPI","서비스업","10320","-410","-3.82","164845023600"
"006220","제주은행","KOSPI","은행","12590","-30","-0.24","404501264660"
"089590","제주항공","KOSPI","운수창고업","11090","-120","-1.07","894308523650"
"004910","조광페인트","KOSPI","화학","6030","40","0.67","77184000000"
"004700","조광피혁","KOSPI","기타제조업","50000","400","0.81","332456900000"
"001550","조비","KOSPI","화학","12870","-20","-0.16","66824115930"
"462520","조선내화","KOSPI","비금속광물","16680","-250","-1.48","197744202240"
"120030","조선선재","KOSPI","기계","96700","900","0.94","121614851700"
"018470","조일알미늄","KOSPI","철강금속","2225","135","6.46","281755579225"
"002600","조흥","KOSPI","음식료품","173900","2500","1.46","104340000000"
"185750","종근당","KOSPI","의약품","102800","1500","1.48","1354330376000"
"063160","종근당바이오","KOSPI","의약품","23750","600","2.59","130291597500"
"001630","종근당홀딩스","KOSPI","의약품","61300","-200","-0.33","307104479300"
"109070","주성코퍼레이션","KOSPI","전기전자","4100","0","0.00","216521943000"
"044380","주연테크","KOSPI","전기전자","474","-7","-1.46","28060441656"
"013890","지누스","KOSPI","기타제조업","13200","190","1.46","273704692800"
"013870","지엠비코리아","KOSPI","운수장비","4300","15","0.35","82010804000"
"071320","지역난방공사","KOSPI","전기가스업","36550","-2150","-5.56","423203093200"
"088790","진도","KOSPI","유통업","2270","40","1.79","28256378880"
"003780","진양산업","KOSPI","화학","6740","140","2.12","87620000000"
"010640","진양폴리","KOSPI","화학","6730","210","3.22","67300000000"
"100250","진양홀딩스","KOSPI","화학","3230","-15","-0.46","180541793160"
"051630","진양화학","KOSPI","화학","3365","-5","-0.15","53167000000"
"272450","진에어","KOSPI","운수창고업","13480","-520","-3.71","703656000000"
"011000","진원생명과학","KOSPI","의약품","2280","15","0.66","182488999800"
"002780","진흥기업","KOSPI","건설업","980","7","0.72","142562310100"
"002787","진흥기업2우B","KOSPI","건설업","12390","0","0.00","3652671120"
"002785","진흥기업우B","KOSPI","건설업","4290","125","3.00","3677465220"
"009310","참엔지니어링","KOSPI","기계","479","-1","-0.21","40651493701"
"000650","천일고속","KOSPI","운수창고업","46050","-250","-0.54","65815581000"
"012600","청호ICT","KOSPI","기계","2490","0","0.00","116119947330"
"033250","체시스","KOSPI","운수장비","1250","27","2.21","40000000000"
"035720","카카오","KOSPI","서비스업","47850","-200","-0.42","21304919992950"
"323410","카카오뱅크","KOSPI","은행","24850","-1300","-4.97","11851490254450"
"377300","카카오페이","KOSPI","기타금융","34800","-700","-1.97","4674969116400"
"006380","카프로","KOSPI","화학","732","0","0.00","29280000000"
"001620","케이비아이동국실업","KOSPI","운수장비","592","9","1.54","65885474352"
"029460","케이씨","KOSPI","의료정밀","23450","-350","-1.47","317842331800"
"281820","케이씨텍","KOSPI","의료정밀","39550","1450","3.81","825074539800"
"381970","케이카","KOSPI","유통업","12700","-140","-1.09","611912327100"
"145270","케이탑리츠","KOSPI","서비스업","1029","-2","-0.19","49454536446"
"417310","코람코더원리츠","KOSPI","서비스업","4910","15","0.31","198364000000"
"357120","코람코라이프인프라리츠","KOSPI","서비스업","4985","20","0.40","441344352890"
"007815","코리아써우","KOSPI","전기전자","6630","50","0.76","19655894700"
"007810","코리아써키트","KOSPI","전기전자","16500","-200","-1.20","389742391500"
"00781K","코리아써키트2우B","KOSPI","전기전자","6940","-140","-1.98","5438871060"
"003690","코리안리","KOSPI","보험","7650","-220","-2.80","1265061573900"
"192820","코스맥스","KOSPI","화학","130600","5300","4.23","1482245875400"
"044820","코스맥스비티아이","KOSPI","기타금융","9710","130","1.36","93254072910"
"005070","코스모신소재","KOSPI","화학","145000","-3700","-2.49","4714059620000"
"005420","코스모화학","KOSPI","화학","31400","-1050","-3.24","1206018359200"
"071950","코아스","KOSPI","기타제조업","480","-1","-0.21","14835460800"
"002020","코오롱","KOSPI","기타금융","16100","-200","-1.23","203285458600"
"003070","코오롱글로벌","KOSPI","건설업","8600","40","0.47","162821331800"
"003075","코오롱글로벌우","KOSPI","건설업","13370","370","2.85","9903653690"
"450140","코오롱모빌리티그룹","KOSPI","유통업","3310","55","1.69","207792697500"
"45014K","코오롱모빌리티그룹우","KOSPI","유통업","5780","-20","-0.34","14196373600"
"002025","코오롱우","KOSPI","기타금융","12910","-20","-0.15","13896194900"
"120110","코오롱인더","KOSPI","화학","35100","-750","-2.09","965920094100"
"120115","코오롱인더우","KOSPI","화학","21500","-100","-0.46","59508990000"
"138490","코오롱플라스틱","KOSPI","화학","7100","0","0.00","269800000000"
"021240","코웨이","KOSPI","서비스업","55800","-100","-0.18","4118018740200"
"036420","콘텐트리중앙","KOSPI","서비스업","14110","-550","-3.75","271791165880"
"031820","콤텍시스템","KOSPI","서비스업","686","6","0.88","83041305676"
"192400","쿠쿠홀딩스","KOSPI","기타금융","17800","0","0.00","633006893000"
"284740","쿠쿠홈시스","KOSPI","서비스업","21600","-150","-0.69","484646328000"
"264900","크라운제과","KOSPI","음식료품","8080","-60","-0.74","101192708000"
"26490K","크라운제과우","KOSPI","음식료품","10460","10","0.10","8091437600"
"005740","크라운해태홀딩스","KOSPI","기타금융","5900","-10","-0.17","87599347300"
"005745","크라운해태홀딩스우","KOSPI","기타금융","9850","-70","-0.71","5917151100"
"259960","크래프톤","KOSPI","서비스업","238500","-9000","-3.64","11534931580500"
"020120","키다리스튜디오","KOSPI","서비스업","4680","-5","-0.11","173378864880"
"039490","키움증권","KOSPI","증권","120500","-3200","-2.59","3160318073000"
"014580","태경비케이","KOSPI","비금속광물","5450","90","1.68","150327895000"
"015890","태경산업","KOSPI","화학","5930","-10","-0.17","173326487500"
"006890","태경케미컬","KOSPI","화학","13490","90","0.67","156484000000"
"003240","태광산업","KOSPI","화학","640000","-18000","-2.74","712576000000"
"011280","태림포장","KOSPI","종이목재","2820","0","0.00","199672750800"
"004100","태양금속","KOSPI","운수장비","1996","-54","-2.63","73253200000"
"004105","태양금속우","KOSPI","운수장비","3500","65","1.89","11550000000"
"009410","태영건설","KOSPI","건설업","2310","0","0.00","89856916380"
"009415","태영건설우","KOSPI","건설업","3565","0","0.00","4642136230"
"001420","태원물산","KOSPI","운수장비","4385","295","7.21","33326000000"
"007980","태평양물산","KOSPI","섬유의복","1600","-71","-4.25","81880208000"
"055490","테이팩스","KOSPI","화학","22100","-350","-1.56","105298765000"
"078000","텔코웨어","KOSPI","서비스업","10190","120","1.19","98870574140"
"214420","토니모리","KOSPI","화학","7230","170","2.41","173916196770"
"019180","티에이치엔","KOSPI","전기전자","3630","-20","-0.55","65340000000"
"363280","티와이홀딩스","KOSPI","기타금융","3360","-65","-1.90","169442340480"
"36328K","티와이홀딩스우","KOSPI","기타금융","5150","0","0.00","6401522100"
"091810","티웨이항공","KOSPI","운수창고업","2790","-15","-0.53","600907343040"
"004870","티웨이홀딩스","KOSPI","비금속광물","458","5","1.10","51118155394"
"005690","파미셀","KOSPI","의약품","5690","120","2.15","341496525160"
"036580","팜스코","KOSPI","음식료품","2970","-5","-0.17","109081990710"
"004720","팜젠사이언스","KOSPI","의약품","5430","70","1.31","98709390750"
"028670","팬오션","KOSPI","운수창고업","4050","-80","-1.94","2165006523600"
"010820","퍼스텍","KOSPI","기계","3445","45","1.32","168019326410"
"016800","퍼시스","KOSPI","기타제조업","36100","-250","-0.69","415150000000"
"001020","페이퍼코리아","KOSPI","종이목재","879","1","0.11","156447332127"
"090080","평화산업","KOSPI","운수장비","1148","4","0.35","63027793332"
"010770","평화홀딩스","KOSPI","운수장비","2990","-5","-0.17","43730143340"
"022100","포스코DX","KOSPI","서비스업","43200","-1100","-2.48","6567900292800"
"058430","포스코스틸리온","KOSPI","철강금속","43600","-450","-1.02","261600000000"
"047050","포스코인터내셔널","KOSPI","유통업","46450","-1050","-2.21","8171613502600"
"003670","포스코퓨처엠","KOSPI","전기전자","268000","-14500","-5.13","20760142960000"
"017810","풀무원","KOSPI","음식료품","11270","310","2.83","429618508340"
"103140","풍산","KOSPI","철강금속","61600","2100","3.53","1726295524800"
"005810","풍산홀딩스","KOSPI","기타금융","31700","100","0.32","457028156400"
"950210","프레스티지바이오파마","KOSPI","서비스업","8200","40","0.49","492788471000"
"009810","플레이그램","KOSPI","유통업","599","-28","-4.47","75923362013"
"086790","하나금융지주","KOSPI","기타금융","55000","-3000","-5.17","16079612890000"
"293480","하나제약","KOSPI","의약품","13260","20","0.15","235669263960"
"039130","하나투어","KOSPI","서비스업","55200","-700","-1.25","885363012000"
"352820","하이브","KOSPI","서비스업","213000","-3500","-1.62","8871896661000"
"071090","하이스틸","KOSPI","철강금속","2970","15","0.51","59968668870"
"019490","하이트론","KOSPI","전기전자","1426","65","4.78","39373605424"
"000080","하이트진로","KOSPI","음식료품","21100","-450","-2.09","1479819192100"
"000087","하이트진로2우B","KOSPI","음식료품","15800","-170","-1.06","17856180400"
"000140","하이트진로홀딩스","KOSPI","기타금융","9050","-90","-0.98","210021223250"
"000145","하이트진로홀딩스우","KOSPI","기타금융","11980","-20","-0.17","5640303800"
"152550","한국ANKOR유전","KOSPI","기타금융","369","2","0.54","25837380000"
"036460","한국가스공사","KOSPI","전기가스업","24650","-1150","-4.46","2275515450000"
"005430","한국공항","KOSPI","운수창고업","62500","-1000","-1.57","197897187500"
"071050","한국금융지주","KOSPI","기타금융","62800","-1000","-1.57","3499592297600"
"071055","한국금융지주우","KOSPI","기타금융","44900","-600","-1.32","263035469900"
"010040","한국내화","KOSPI","비금속광물","2830","0","0.00","116219785460"
"025540","한국단자","KOSPI","전기전자","61900","300","0.49","644688500000"
"010100","한국무브넥스","KOSPI","운수장비","4900","-100","-2.00","149207058000"
"004090","한국석유","KOSPI","비금속광물","16230","1120","7.41","206025567600"
"002200","한국수출포장","KOSPI","종이목재","2690","-20","-0.74","107600000000"
"002960","한국쉘석유","KOSPI","화학","263000","1000","0.38","341900000000"
"000240","한국앤컴퍼니","KOSPI","기타금융","15990","-360","-2.20","1518014487600"
"123890","한국자산신탁","KOSPI","기타금융","2995","-40","-1.32","371313367240"
"015760","한국전력","KOSPI","전기가스업","20200","-1100","-5.16","12967674355400"
"006200","한국전자홀딩스","KOSPI","기타금융","927","-11","-1.17","43386507072"
"027970","한국제지","KOSPI","종이목재","1042","-9","-0.86","198165722954"
"023350","한국종합기술","KOSPI","서비스업","5470","80","1.48","59896500000"
"025890","한국주강","KOSPI","기계","2480","45","1.85","28046962320"
"000970","한국주철관","KOSPI","철강금속","6410","70","1.10","146151205000"
"104700","한국철강","KOSPI","철강금속","11440","660","6.12","485628000000"
"017960","한국카본","KOSPI","기계","10520","-10","-0.09","546076915040"
"161890","한국콜마","KOSPI","화학","50000","1350","2.77","1180253850000"
"024720","한국콜마홀딩스","KOSPI","기타금융","7960","140","1.79","292685379200"
"161390","한국타이어앤테크놀로지","KOSPI","화학","59800","-700","-1.16","7407729126200"
"034830","한국토지신탁","KOSPI","기타금융","1011","-2","-0.20","255266611530"
"007280","한국특강","KOSPI","철강금속","1746","6","0.34","106180041006"
"168490","한국패러랠","KOSPI","기타금융","277","-1","-0.36","22165540000"
"047810","한국항공우주","KOSPI","운수장비","48600","-1050","-2.11","4737290200200"
"123690","한국화장품","KOSPI","유통업","6640","210","3.27","106691520000"
"003350","한국화장품제조","KOSPI","화학","25450","400","1.60","115339400000"
"011500","한농화성","KOSPI","화학","18510","-120","-0.64","289441647420"
"002390","한독","KOSPI","의약품","13450","-150","-1.10","185119518850"
"053690","한미글로벌","KOSPI","서비스업","15970","460","2.97","174992073500"
"042700","한미반도체","KOSPI","기계","145500","3800","2.68","14162868441000"
"008930","한미사이언스","KOSPI","기타금융","35000","-500","-1.41","2448492900000"
"128940","한미약품","KOSPI","의약품","316000","3000","0.96","4048273156000"
"009240","한샘","KOSPI","유통업","46900","500","1.08","1103741223200"
"020000","한섬","KOSPI","섬유의복","19180","-140","-0.72","448783230000"
"003680","한성기업","KOSPI","음식료품","5090","-130","-2.49","31606431350"
"105630","한세실업","KOSPI","섬유의복","19610","-490","-2.44","784400000000"
"069640","한세엠케이","KOSPI","유통업","2240","30","1.36","67438564480"
"016450","한세예스24홀딩스","KOSPI","섬유의복","4585","-90","-1.93","183400000000"
"010420","한솔PNS","KOSPI","유통업","1253","10","0.80","25677744036"
"009180","한솔로지스틱스","KOSPI","운수창고업","2295","0","0.00","63691356375"
"213500","한솔제지","KOSPI","종이목재","10000","0","0.00","238005760000"
"014680","한솔케미칼","KOSPI","화학","191500","-2800","-1.44","2170689842500"
"004710","한솔테크닉스","KOSPI","전기전자","5690","-80","-1.39","182705205820"
"004150","한솔홀딩스","KOSPI","기타금융","2745","-15","-0.54","115313543865"
"025750","한솔홈데코","KOSPI","종이목재","772","-2","-0.26","62196295028"
"004960","한신공영","KOSPI","건설업","6320","-170","-2.62","73126836640"
"011700","한신기계","KOSPI","기계","4325","40","0.93","140329603075"
"001750","한양증권","KOSPI","증권","10280","-110","-1.06","130849329520"
"001755","한양증권우","KOSPI","증권","12900","0","0.00","6772500000"
"018880","한온시스템","KOSPI","기계","5540","-140","-2.46","2957252000000"
"009420","한올바이오파마","KOSPI","의약품","34200","2400","7.55","1786629819600"
"014130","한익스프레스","KOSPI","운수창고업","4660","0","0.00","55920000000"
"300720","한일시멘트","KOSPI","비금속광물","12470","10","0.08","863691403800"
"002220","한일철강","KOSPI","철강금속","2430","-20","-0.82","64874827800"
"006390","한일현대시멘트","KOSPI","비금속광물","14960","-20","-0.13","289141973120"
"003300","한일홀딩스","KOSPI","비금속광물","12190","80","0.66","375852855960"
"051600","한전KPS","KOSPI","건설업","33850","-400","-1.17","1523250000000"
"052690","한전기술","KOSPI","서비스업","58800","300","0.51","2247336000000"
"130660","한전산업","KOSPI","서비스업","6950","40","0.58","226570000000"
"002320","한진","KOSPI","운수창고업","21100","-400","-1.86","315394950800"
"003480","한진중공업홀딩스","KOSPI","전기가스업","3285","45","1.39","97005432420"
"180640","한진칼","KOSPI","운수창고업","59300","-2300","-3.73","3959003144700"
"18064K","한진칼우","KOSPI","운수창고업","25150","-100","-0.40","13499664900"
"005110","한창","KOSPI","유통업","1254","0","0.00","23332434378"
"009460","한창제지","KOSPI","종이목재","850","-5","-0.58","50717363100"
"372910","한컴라이프케어","KOSPI","의료정밀","4625","20","0.43","127994127750"
"000880","한화","KOSPI","화학","26800","-750","-2.72","2008894098000"
"00088K","한화3우B","KOSPI","화학","14810","-50","-0.34","332810320000"
"452260","한화갤러리아","KOSPI","유통업","1319","-26","-1.93","255700825590"
"45226K","한화갤러리아우","KOSPI","유통업","3210","-90","-2.73","9323348700"
"451800","한화리츠","KOSPI","서비스업","5200","10","0.19","367120000000"
"088350","한화생명","KOSPI","보험","2630","-90","-3.31","2284233900000"
"000370","한화손해보험","KOSPI","보험","4135","-150","-3.50","482715413525"
"009830","한화솔루션","KOSPI","화학","25700","-1250","-4.64","4417638175200"
"009835","한화솔루션우","KOSPI","화학","21000","-450","-2.10","54082329000"
"272210","한화시스템","KOSPI","전기전자","17110","120","0.71","3232410745790"
"012450","한화에어로스페이스","KOSPI","운수장비","217000","3000","1.40","10986710000000"
"082740","한화엔진","KOSPI","기계","9840","360","3.80","821119877280"
"042660","한화오션","KOSPI","운수장비","28500","2350","8.99","8731228621500"
"000885","한화우","KOSPI","화학","31300","-150","-0.48","15001902200"
"003530","한화투자증권","KOSPI","증권","3750","100","2.74","804554156250"
"003535","한화투자증권우","KOSPI","증권","8480","430","5.34","40704000000"
"195870","해성디에스","KOSPI","전기전자","52000","-1000","-1.89","884000000000"
"101530","해태제과식품","KOSPI","음식료품","5230","40","0.77","152280979060"
"143210","핸즈코퍼레이션","KOSPI","운수장비","2655","-45","-1.67","58080108285"
"000720","현대건설","KOSPI","건설업","32700","-700","-2.10","3641333515500"
"000725","현대건설우","KOSPI","건설업","49650","-250","-0.50","52365507450"
"453340","현대그린푸드","KOSPI","유통업","11800","-140","-1.17","399794785200"
"086280","현대글로비스","KOSPI","운수창고업","174500","-1700","-0.96","6543750000000"
"064350","현대로템","KOSPI","운수장비","41600","-250","-0.60","4540319388800"
"079430","현대리바트","KOSPI","기타제조업","7310","-160","-2.14","150112911420"
"012330","현대모비스","KOSPI","운수장비","240500","-10500","-4.18","22524050107000"
"010620","현대미포조선","KOSPI","운수장비","61300","1000","1.66","2448453733700"
"069960","현대백화점","KOSPI","유통업","50100","-600","-1.18","1172462294100"
"004560","현대비앤지스틸","KOSPI","철강금속","21000","450","2.19","316655031000"
"004310","현대약품","KOSPI","의약품","3785","0","0.00","121120000000"
"017800","현대엘리베이","KOSPI","기계","40000","200","0.50","1563695400000"
"307950","현대오토에버","KOSPI","서비스업","149400","-1200","-0.80","4097142910800"
"011210","현대위아","KOSPI","운수장비","58000","400","0.69","1577314814000"
"004020","현대제철","KOSPI","철강금속","31700","-150","-0.47","4230231384500"
"005440","현대지에프홀딩스","KOSPI","기타금융","4445","-5","-0.11","692994617945"
"005380","현대차","KOSPI","운수장비","238000","-3000","-1.24","50344498428000"
"005387","현대차2우B","KOSPI","운수장비","149900","-1000","-0.66","5414477490300"
"005389","현대차3우B","KOSPI","운수장비","145700","-600","-0.41","350328073600"
"005385","현대차우","KOSPI","운수장비","148500","-1200","-0.80","3580798171500"
"001500","현대차증권","KOSPI","증권","8520","-100","-1.16","270191028240"
"011760","현대코퍼레이션","KOSPI","유통업","16750","-50","-0.30","221585180500"
"227840","현대코퍼레이션홀딩스","KOSPI","유통업","10770","-20","-0.19","98016003720"
"126560","현대퓨처넷","KOSPI","통신업","3720","65","1.78","409954955400"
"001450","현대해상","KOSPI","보험","28750","-1450","-4.80","2570250000000"
"057050","현대홈쇼핑","KOSPI","유통업","59900","-200","-0.33","718800000000"
"093240","형지엘리트","KOSPI","섬유의복","1239","-22","-1.74","38600794722"
"003010","혜인","KOSPI","유통업","5680","-30","-0.53","72208402960"
"111110","호전실업","KOSPI","섬유의복","6950","30","0.43","67762388800"
"008770","호텔신라","KOSPI","유통업","58400","-400","-0.68","2292090266400"
"008775","호텔신라우","KOSPI","유통업","44350","100","0.23","33345833650"
"002460","화성산업","KOSPI","건설업","9740","-90","-0.92","98861000000"
"378850","화승알앤에이","KOSPI","운수장비","3900","-50","-1.27","74075129700"
"241590","화승엔터프라이즈","KOSPI","기타제조업","7410","-200","-2.63","448966535160"
"006060","화승인더","KOSPI","화학","3785","-20","-0.53","209386200000"
"013520","화승코퍼레이션","KOSPI","운수장비","1774","-20","-1.11","88790921048"
"010690","화신","KOSPI","운수장비","10720","-130","-1.20","374346795200"
"133820","화인베스틸","KOSPI","철강금속","1309","-7","-0.53","40351388462"
"010660","화천기계","KOSPI","기계","4035","-200","-4.72","88770000000"
"000850","화천기공","KOSPI","기계","30950","50","0.16","68090000000"
"016580","환인제약","KOSPI","의약품","14140","-60","-0.42","263004989800"
"032560","황금에스티","KOSPI","철강금속","6640","-20","-0.30","112880000000"
"004800","효성","KOSPI","기타금융","56300","-400","-0.71","1186298707500"
"094280","효성ITX","KOSPI","서비스업","12470","-60","-0.48","144130754000"
"298040","효성중공업","KOSPI","전기전자","339000","22000","6.94","3161021772000"
"298050","효성첨단소재","KOSPI","화학","328000","-1000","-0.30","1469422944000"
"298020","효성티앤씨","KOSPI","화학","322500","2000","0.62","1395677445000"
"298000","효성화학","KOSPI","화학","59800","-500","-0.83","226750297800"
"093370","후성","KOSPI","화학","8000","-80","-0.99","754816832000"
"081660","휠라홀딩스","KOSPI","유통업","38350","150","0.39","2329847713700"
"005870","휴니드","KOSPI","전기전자","7890","260","3.41","111375358350"
"079980","휴비스","KOSPI","화학","3785","0","0.00","130582500000"
"005010","휴스틸","KOSPI","철강금속","4435","-10","-0.22","249194112625"
"000540","흥국화재","KOSPI","보험","3850","40","1.05","247334183250"
"000545","흥국화재우","KOSPI","보험","6560","-90","-1.35","5038080000"
"003280","흥아해운","KOSPI","운수창고업","3130","-600","-16.09","752529933870"